user_id,age,gender,location,signup_date
user_0000,55,Other,JP,2024-08-08 15:09:39.852245
user_0001,19,M,AU,2024-07-22 15:09:39.852529
user_0002,61,Other,FR,2025-01-18 15:09:39.852547
user_0003,44,M,JP,2024-12-21 15:09:39.852562
user_0004,57,M,UK,2024-12-08 15:09:39.852576
user_0005,30,F,CN,2025-03-18 15:09:39.852589
user_0006,78,F,AU,2024-02-05 15:09:39.852601
user_0007,78,M,CN,2023-04-28 15:09:39.852614
user_0008,42,M,DE,2024-11-09 15:09:39.852626
user_0009,33,M,CN,2025-05-14 15:09:39.852638
user_0010,21,F,UK,2024-08-10 15:09:39.852650
user_0011,25,M,DE,2023-06-25 15:09:39.852662
user_0012,58,M,US,2023-09-08 15:09:39.852673
user_0013,44,F,DE,2024-08-24 15:09:39.852685
user_0014,60,M,US,2023-12-09 15:09:39.852697
user_0015,28,Other,DE,2023-02-26 15:09:39.852708
user_0016,34,Other,AU,2023-07-28 15:09:39.852720
user_0017,32,M,DE,2023-12-06 15:09:39.852732
user_0018,67,F,CN,2023-06-05 15:09:39.852743
user_0019,31,Other,CA,2025-01-21 15:09:39.852755
user_0020,76,Other,CA,2023-05-06 15:09:39.852767
user_0021,72,F,AU,2023-02-16 15:09:39.852778
user_0022,37,M,JP,2023-05-01 15:09:39.852789
user_0023,19,F,CA,2025-07-07 15:09:39.852801
user_0024,45,M,DE,2023-12-08 15:09:39.852812
user_0025,45,M,CN,2024-05-01 15:09:39.852824
user_0026,76,M,JP,2023-12-05 15:09:39.852835
user_0027,26,F,DE,2023-11-02 15:09:39.852846
user_0028,58,M,DE,2023-04-19 15:09:39.852858
user_0029,44,M,AU,2023-12-29 15:09:39.852869
user_0030,24,Other,FR,2023-06-11 15:09:39.852880
user_0031,34,Other,UK,2024-03-17 15:09:39.852892
user_0032,79,Other,AU,2024-11-25 15:09:39.852903
user_0033,44,M,UK,2023-07-17 15:09:39.852913
user_0034,37,Other,CA,2024-01-15 15:09:39.852923
user_0035,23,Other,US,2025-01-03 15:09:39.852934
user_0036,20,F,AU,2024-09-25 15:09:39.852943
user_0037,46,Other,CA,2024-07-12 15:09:39.852953
user_0038,61,Other,FR,2023-03-12 15:09:39.852963
user_0039,68,F,AU,2025-07-31 15:09:39.852973
user_0040,32,Other,US,2023-12-18 15:09:39.852983
user_0041,51,F,CA,2024-07-21 15:09:39.852993
user_0042,57,Other,CA,2024-09-05 15:09:39.853003
user_0043,64,M,JP,2025-06-08 15:09:39.853013
user_0044,70,Other,AU,2024-10-13 15:09:39.853023
user_0045,61,M,CA,2023-08-09 15:09:39.853032
user_0046,36,F,UK,2024-12-13 15:09:39.853042
user_0047,34,M,FR,2023-07-11 15:09:39.853052
user_0048,59,Other,JP,2024-07-31 15:09:39.853062
user_0049,38,Other,US,2024-07-07 15:09:39.853072
user_0050,70,M,UK,2023-01-19 15:09:39.853082
user_0051,53,F,US,2025-02-05 15:09:39.853091
user_0052,19,F,US,2024-04-16 15:09:39.853101
user_0053,25,F,UK,2022-12-27 15:09:39.853111
user_0054,61,M,FR,2024-04-29 15:09:39.853121
user_0055,33,F,AU,2024-03-22 15:09:39.853131
user_0056,73,M,AU,2024-08-01 15:09:39.853140
user_0057,69,M,AU,2024-02-22 15:09:39.853150
user_0058,43,Other,US,2025-06-28 15:09:39.853160
user_0059,51,Other,CN,2024-03-13 15:09:39.853170
user_0060,25,Other,DE,2023-06-08 15:09:39.853180
user_0061,30,Other,CN,2024-06-13 15:09:39.853189
user_0062,73,M,US,2024-05-16 15:09:39.853199
user_0063,39,M,AU,2025-02-04 15:09:39.853209
user_0064,24,F,JP,2024-01-11 15:09:39.853219
user_0065,69,Other,JP,2025-06-03 15:09:39.853229
user_0066,36,Other,UK,2024-03-11 15:09:39.853239
user_0067,60,M,FR,2025-05-25 15:09:39.853248
user_0068,51,M,DE,2024-08-12 15:09:39.853258
user_0069,58,Other,JP,2025-08-17 15:09:39.853268
user_0070,40,M,AU,2023-11-22 15:09:39.853278
user_0071,49,Other,UK,2024-07-16 15:09:39.853288
user_0072,41,M,AU,2023-05-10 15:09:39.853298
user_0073,35,F,FR,2023-02-07 15:09:39.853308
user_0074,58,Other,CA,2025-05-16 15:09:39.853317
user_0075,76,Other,UK,2024-04-11 15:09:39.853327
user_0076,64,F,CN,2024-09-20 15:09:39.853337
user_0077,70,M,CN,2023-10-16 15:09:39.853347
user_0078,34,M,DE,2025-01-24 15:09:39.853357
user_0079,54,M,US,2024-09-06 15:09:39.853367
user_0080,65,Other,CN,2025-05-23 15:09:39.853377
user_0081,48,Other,AU,2023-09-20 15:09:39.853387
user_0082,19,F,UK,2024-02-24 15:09:39.853397
user_0083,28,F,FR,2024-09-28 15:09:39.853406
user_0084,56,F,DE,2025-04-30 15:09:39.853416
user_0085,56,M,CN,2023-06-01 15:09:39.853426
user_0086,24,Other,US,2023-03-12 15:09:39.853436
user_0087,40,M,CA,2025-07-27 15:09:39.853446
user_0088,35,M,AU,2024-11-19 15:09:39.853455
user_0089,59,F,AU,2024-11-13 15:09:39.853465
user_0090,28,M,US,2024-12-29 15:09:39.853475
user_0091,58,F,JP,2022-12-23 15:09:39.853485
user_0092,52,M,UK,2024-09-23 15:09:39.853495
user_0093,30,F,AU,2023-07-16 15:09:39.853505
user_0094,63,M,CA,2024-04-23 15:09:39.853515
user_0095,78,F,CA,2024-01-15 15:09:39.853524
user_0096,74,Other,CA,2025-08-06 15:09:39.853534
user_0097,78,Other,CA,2025-06-02 15:09:39.853544
user_0098,21,F,AU,2024-01-25 15:09:39.853554
user_0099,19,F,CN,2024-07-08 15:09:39.853563
user_0100,68,M,DE,2024-05-06 15:09:39.853580
user_0101,45,M,DE,2025-05-09 15:09:39.853590
user_0102,39,F,UK,2024-03-29 15:09:39.853602
user_0103,28,Other,DE,2024-09-13 15:09:39.853613
user_0104,65,F,DE,2023-04-25 15:09:39.853622
user_0105,46,Other,DE,2023-06-21 15:09:39.853632
user_0106,41,F,US,2024-08-07 15:09:39.853642
user_0107,29,Other,JP,2023-12-02 15:09:39.853652
user_0108,47,Other,CA,2024-08-14 15:09:39.853662
user_0109,30,Other,US,2023-11-21 15:09:39.853672
user_0110,30,Other,FR,2024-05-19 15:09:39.853682
user_0111,71,Other,US,2024-11-03 15:09:39.853692
user_0112,52,Other,DE,2025-01-20 15:09:39.853702
user_0113,65,F,CN,2024-02-29 15:09:39.853712
user_0114,66,Other,DE,2025-08-07 15:09:39.853721
user_0115,77,M,AU,2024-05-30 15:09:39.853731
user_0116,43,F,DE,2023-10-12 15:09:39.853741
user_0117,50,F,CN,2024-09-25 15:09:39.853751
user_0118,27,Other,UK,2023-02-24 15:09:39.853761
user_0119,52,M,CN,2024-10-24 15:09:39.853770
user_0120,25,F,CN,2024-09-14 15:09:39.853780
user_0121,26,F,US,2025-05-16 15:09:39.853790
user_0122,21,Other,FR,2023-02-20 15:09:39.853800
user_0123,70,M,CN,2025-01-18 15:09:39.853810
user_0124,46,Other,CN,2024-04-10 15:09:39.853820
user_0125,38,Other,CN,2024-12-28 15:09:39.853829
user_0126,24,M,DE,2023-10-25 15:09:39.853839
user_0127,25,F,DE,2025-05-17 15:09:39.853849
user_0128,23,M,US,2024-09-01 15:09:39.853859
user_0129,63,M,US,2025-07-31 15:09:39.853869
user_0130,55,Other,JP,2024-03-08 15:09:39.853879
user_0131,57,Other,DE,2024-11-21 15:09:39.853889
user_0132,56,F,AU,2023-05-20 15:09:39.853899
user_0133,50,F,CN,2025-08-04 15:09:39.853909
user_0134,40,F,JP,2023-10-06 15:09:39.853918
user_0135,27,F,DE,2023-08-24 15:09:39.853928
user_0136,50,Other,CN,2023-11-18 15:09:39.853938
user_0137,65,M,DE,2023-11-23 15:09:39.853948
user_0138,43,Other,JP,2023-12-25 15:09:39.853958
user_0139,20,M,UK,2025-03-09 15:09:39.853967
user_0140,37,Other,FR,2024-10-24 15:09:39.853977
user_0141,37,M,UK,2024-08-25 15:09:39.853987
user_0142,37,F,UK,2023-09-21 15:09:39.853997
user_0143,59,M,US,2025-03-02 15:09:39.854007
user_0144,20,Other,FR,2024-01-27 15:09:39.854016
user_0145,36,F,CA,2025-04-07 15:09:39.854026
user_0146,39,M,US,2023-06-27 15:09:39.854036
user_0147,41,F,FR,2023-04-03 15:09:39.854046
user_0148,75,Other,FR,2025-05-31 15:09:39.854056
user_0149,55,Other,AU,2025-01-16 15:09:39.854065
user_0150,20,M,DE,2023-03-08 15:09:39.854075
user_0151,48,M,UK,2023-08-10 15:09:39.854085
user_0152,62,M,FR,2024-09-13 15:09:39.854095
user_0153,67,M,UK,2024-12-23 15:09:39.854104
user_0154,38,M,CA,2025-08-11 15:09:39.854114
user_0155,58,M,AU,2023-07-12 15:09:39.854123
user_0156,20,F,DE,2024-04-16 15:09:39.854133
user_0157,47,Other,AU,2022-12-25 15:09:39.854143
user_0158,47,M,CN,2025-01-28 15:09:39.854152
user_0159,50,Other,AU,2025-01-09 15:09:39.854162
user_0160,46,M,DE,2025-04-11 15:09:39.854172
user_0161,68,F,AU,2024-04-02 15:09:39.854181
user_0162,49,M,FR,2024-06-23 15:09:39.854191
user_0163,52,Other,CN,2024-04-08 15:09:39.854201
user_0164,18,F,FR,2024-04-08 15:09:39.854211
user_0165,21,F,US,2024-02-12 15:09:39.854220
user_0166,48,M,US,2023-07-15 15:09:39.854230
user_0167,71,M,JP,2024-11-04 15:09:39.854239
user_0168,46,M,DE,2023-03-03 15:09:39.854249
user_0169,75,F,DE,2024-11-29 15:09:39.854260
user_0170,37,Other,DE,2023-01-19 15:09:39.854272
user_0171,30,M,JP,2025-05-31 15:09:39.854281
user_0172,63,Other,AU,2024-03-27 15:09:39.854292
user_0173,28,F,UK,2024-03-26 15:09:39.854302
user_0174,33,Other,JP,2025-02-23 15:09:39.854312
user_0175,76,Other,CA,2025-08-14 15:09:39.854322
user_0176,79,F,CN,2024-04-18 15:09:39.854332
user_0177,42,F,DE,2024-05-22 15:09:39.854342
user_0178,47,M,DE,2024-11-21 15:09:39.854351
user_0179,28,F,CN,2025-07-20 15:09:39.854361
user_0180,35,Other,FR,2025-03-18 15:09:39.854371
user_0181,47,M,UK,2025-04-25 15:09:39.854381
user_0182,57,Other,FR,2024-07-15 15:09:39.854390
user_0183,49,M,FR,2023-08-18 15:09:39.854400
user_0184,20,M,CA,2024-09-07 15:09:39.854410
user_0185,35,M,JP,2024-10-05 15:09:39.854420
user_0186,72,M,UK,2023-04-09 15:09:39.854430
user_0187,34,M,DE,2024-08-21 15:09:39.854439
user_0188,21,M,CN,2024-09-11 15:09:39.854449
user_0189,60,F,AU,2025-03-31 15:09:39.854459
user_0190,67,M,AU,2022-12-23 15:09:39.854468
user_0191,57,Other,CN,2024-04-25 15:09:39.854478
user_0192,30,F,CA,2024-09-18 15:09:39.854488
user_0193,22,Other,AU,2023-07-14 15:09:39.854498
user_0194,43,F,CN,2023-08-28 15:09:39.854507
user_0195,69,M,US,2024-08-03 15:09:39.854517
user_0196,38,F,JP,2025-02-22 15:09:39.854527
user_0197,60,F,DE,2023-01-01 15:09:39.854537
user_0198,53,F,DE,2023-01-09 15:09:39.854546
user_0199,26,Other,CN,2025-04-14 15:09:39.854556
user_0200,29,F,FR,2023-12-16 15:09:39.854566
user_0201,32,F,AU,2023-08-15 15:09:39.854576
user_0202,62,M,AU,2025-03-03 15:09:39.854585
user_0203,68,M,FR,2023-06-16 15:09:39.854595
user_0204,38,M,CA,2023-11-24 15:09:39.854605
user_0205,48,M,DE,2023-06-25 15:09:39.854615
user_0206,34,F,FR,2024-02-29 15:09:39.854624
user_0207,75,M,JP,2023-03-02 15:09:39.854634
user_0208,26,F,CA,2025-04-17 15:09:39.854644
user_0209,55,M,JP,2023-01-23 15:09:39.854653
user_0210,20,Other,JP,2023-01-13 15:09:39.854663
user_0211,58,M,UK,2023-05-20 15:09:39.854673
user_0212,72,M,CN,2023-07-17 15:09:39.854683
user_0213,40,M,DE,2024-09-11 15:09:39.854693
user_0214,49,M,FR,2023-10-11 15:09:39.854702
user_0215,41,F,CA,2025-02-17 15:09:39.854712
user_0216,77,Other,UK,2025-01-12 15:09:39.854722
user_0217,64,F,CA,2023-04-22 15:09:39.854731
user_0218,40,F,DE,2025-05-18 15:09:39.854741
user_0219,33,F,DE,2023-05-14 15:09:39.854751
user_0220,41,M,DE,2025-03-10 15:09:39.854760
user_0221,19,M,JP,2023-04-20 15:09:39.854770
user_0222,45,Other,US,2023-12-08 15:09:39.854780
user_0223,45,F,CA,2025-01-06 15:09:39.854789
user_0224,45,M,CN,2023-09-15 15:09:39.854799
user_0225,21,M,US,2024-09-29 15:09:39.854809
user_0226,65,F,CN,2024-01-26 15:09:39.854818
user_0227,56,M,JP,2023-07-27 15:09:39.854828
user_0228,42,M,FR,2023-03-20 15:09:39.854838
user_0229,65,Other,UK,2024-05-30 15:09:39.854847
user_0230,37,M,JP,2023-07-15 15:09:39.854857
user_0231,44,Other,US,2023-08-13 15:09:39.854867
user_0232,59,M,US,2024-10-18 15:09:39.854877
user_0233,49,Other,FR,2023-02-07 15:09:39.854887
user_0234,26,Other,JP,2025-01-21 15:09:39.854896
user_0235,54,Other,FR,2025-06-02 15:09:39.854906
user_0236,35,Other,FR,2023-04-25 15:09:39.854916
user_0237,35,Other,US,2024-11-16 15:09:39.854925
user_0238,48,Other,DE,2024-10-30 15:09:39.854935
user_0239,32,Other,DE,2024-01-24 15:09:39.854944
user_0240,73,M,US,2025-08-02 15:09:39.854954
user_0241,47,M,UK,2022-12-30 15:09:39.854964
user_0242,57,Other,FR,2024-10-15 15:09:39.854973
user_0243,77,F,DE,2024-12-22 15:09:39.854983
user_0244,57,F,AU,2025-04-25 15:09:39.854993
user_0245,29,M,CN,2023-03-28 15:09:39.855004
user_0246,39,M,UK,2023-07-08 15:09:39.855014
user_0247,67,Other,CN,2024-11-21 15:09:39.855025
user_0248,73,M,FR,2024-01-16 15:09:39.855036
user_0249,76,F,JP,2024-11-25 15:09:39.855046
user_0250,28,Other,UK,2024-03-31 15:09:39.855057
user_0251,54,F,AU,2025-01-12 15:09:39.855067
user_0252,55,F,UK,2025-03-27 15:09:39.855078
user_0253,77,M,JP,2024-07-07 15:09:39.855089
user_0254,30,M,JP,2024-07-05 15:09:39.855099
user_0255,75,M,US,2023-01-16 15:09:39.855110
user_0256,30,Other,AU,2024-05-24 15:09:39.855120
user_0257,40,Other,UK,2023-01-05 15:09:39.855131
user_0258,79,Other,JP,2024-09-24 15:09:39.855142
user_0259,60,M,FR,2025-06-21 15:09:39.855154
user_0260,58,M,US,2024-10-20 15:09:39.855166
user_0261,42,M,US,2025-07-14 15:09:39.855177
user_0262,78,Other,UK,2023-08-19 15:09:39.855188
user_0263,27,Other,DE,2024-02-15 15:09:39.855198
user_0264,22,Other,FR,2023-05-24 15:09:39.855209
user_0265,61,M,UK,2025-03-18 15:09:39.855220
user_0266,52,F,AU,2025-03-29 15:09:39.855231
user_0267,73,F,CN,2025-07-23 15:09:39.855242
user_0268,32,Other,US,2023-08-14 15:09:39.855252
user_0269,73,M,DE,2024-12-31 15:09:39.855263
user_0270,70,F,DE,2024-05-08 15:09:39.855274
user_0271,31,M,CA,2023-06-15 15:09:39.855285
user_0272,19,F,UK,2025-01-18 15:09:39.855296
user_0273,61,M,AU,2025-08-04 15:09:39.855306
user_0274,24,Other,FR,2023-02-18 15:09:39.855318
user_0275,57,F,CA,2024-03-23 15:09:39.855328
user_0276,48,Other,AU,2025-05-19 15:09:39.855339
user_0277,75,M,US,2023-08-23 15:09:39.855349
user_0278,60,F,UK,2024-02-04 15:09:39.855359
user_0279,65,F,FR,2025-03-27 15:09:39.855369
user_0280,26,M,CA,2023-09-18 15:09:39.855378
user_0281,67,Other,JP,2025-06-16 15:09:39.855388
user_0282,65,M,JP,2025-03-10 15:09:39.855398
user_0283,53,M,DE,2024-10-04 15:09:39.855408
user_0284,21,Other,CN,2024-11-22 15:09:39.855417
user_0285,41,F,FR,2024-08-03 15:09:39.855427
user_0286,47,M,US,2024-05-18 15:09:39.855437
user_0287,43,M,JP,2023-08-20 15:09:39.855446
user_0288,69,M,JP,2024-01-23 15:09:39.855456
user_0289,58,M,US,2025-02-01 15:09:39.855466
user_0290,37,M,JP,2023-01-26 15:09:39.855475
user_0291,59,M,AU,2023-10-24 15:09:39.855485
user_0292,20,F,US,2023-08-15 15:09:39.855495
user_0293,30,F,UK,2024-10-26 15:09:39.855504
user_0294,28,F,DE,2024-12-01 15:09:39.855514
user_0295,42,M,AU,2023-06-02 15:09:39.855523
user_0296,45,M,CN,2024-09-11 15:09:39.855533
user_0297,52,F,JP,2023-10-23 15:09:39.855543
user_0298,63,M,DE,2023-01-01 15:09:39.855552
user_0299,79,M,JP,2024-09-24 15:09:39.855562
user_0300,40,Other,AU,2025-03-06 15:09:39.855572
user_0301,48,M,US,2023-02-14 15:09:39.855582
user_0302,20,Other,CN,2024-09-11 15:09:39.855591
user_0303,30,M,US,2024-02-14 15:09:39.855601
user_0304,54,M,US,2025-08-13 15:09:39.855611
user_0305,25,M,AU,2023-05-19 15:09:39.855620
user_0306,39,F,CA,2023-09-01 15:09:39.855630
user_0307,52,M,FR,2023-09-13 15:09:39.855640
user_0308,28,Other,DE,2023-08-06 15:09:39.855649
user_0309,61,F,CN,2024-12-17 15:09:39.855659
user_0310,26,F,CN,2023-04-25 15:09:39.855669
user_0311,32,M,FR,2025-05-24 15:09:39.855678
user_0312,54,Other,FR,2024-03-23 15:09:39.855688
user_0313,37,M,AU,2025-04-10 15:09:39.855698
user_0314,23,F,CA,2025-08-11 15:09:39.855707
user_0315,37,M,CN,2023-01-24 15:09:39.855717
user_0316,71,M,CA,2023-03-01 15:09:39.855726
user_0317,42,F,UK,2024-10-03 15:09:39.855736
user_0318,18,M,US,2024-06-14 15:09:39.855745
user_0319,32,M,US,2025-03-22 15:09:39.855755
user_0320,70,Other,JP,2024-08-20 15:09:39.855764
user_0321,27,M,US,2025-06-14 15:09:39.855774
user_0322,54,Other,AU,2024-10-26 15:09:39.855783
user_0323,67,F,US,2025-03-23 15:09:39.855793
user_0324,61,Other,AU,2023-06-30 15:09:39.855802
user_0325,39,M,FR,2024-03-23 15:09:39.855812
user_0326,20,M,AU,2024-04-03 15:09:39.855821
user_0327,38,M,DE,2023-11-04 15:09:39.855831
user_0328,70,M,UK,2023-07-16 15:09:39.855841
user_0329,77,M,FR,2024-11-10 15:09:39.855850
user_0330,40,M,UK,2023-03-02 15:09:39.855860
user_0331,55,Other,US,2025-01-27 15:09:39.855869
user_0332,53,M,AU,2024-12-04 15:09:39.855879
user_0333,47,Other,CA,2024-08-21 15:09:39.855888
user_0334,39,Other,FR,2023-11-16 15:09:39.855898
user_0335,76,Other,FR,2023-03-05 15:09:39.855909
user_0336,65,Other,JP,2024-06-08 15:09:39.855919
user_0337,38,F,UK,2022-12-30 15:09:39.855930
user_0338,23,M,US,2023-02-15 15:09:39.855941
user_0339,44,M,JP,2025-03-14 15:09:39.855951
user_0340,77,F,US,2024-10-18 15:09:39.855962
user_0341,42,Other,DE,2025-03-09 15:09:39.855973
user_0342,43,Other,JP,2024-01-03 15:09:39.855983
user_0343,64,F,AU,2023-01-21 15:09:39.855994
user_0344,37,Other,CA,2023-09-17 15:09:39.856004
user_0345,54,Other,AU,2024-01-22 15:09:39.856015
user_0346,19,F,US,2023-07-14 15:09:39.856025
user_0347,79,M,AU,2025-01-28 15:09:39.856036
user_0348,62,Other,CN,2023-06-11 15:09:39.856047
user_0349,36,Other,JP,2024-11-02 15:09:39.856057
user_0350,77,M,AU,2025-05-10 15:09:39.856068
user_0351,37,M,FR,2023-11-14 15:09:39.856079
user_0352,71,F,UK,2024-05-04 15:09:39.856089
user_0353,79,Other,JP,2024-06-25 15:09:39.856100
user_0354,77,F,AU,2024-03-25 15:09:39.856111
user_0355,37,Other,US,2023-12-13 15:09:39.856121
user_0356,38,M,AU,2023-05-13 15:09:39.856132
user_0357,55,M,CA,2024-02-29 15:09:39.856143
user_0358,54,M,JP,2023-03-25 15:09:39.856154
user_0359,69,Other,AU,2025-05-16 15:09:39.856164
user_0360,70,F,DE,2024-11-19 15:09:39.856175
user_0361,44,M,CN,2023-10-02 15:09:39.856185
user_0362,61,Other,CA,2025-06-27 15:09:39.856196
user_0363,51,F,DE,2023-06-21 15:09:39.856207
user_0364,60,F,FR,2023-01-24 15:09:39.856217
user_0365,46,Other,FR,2024-01-28 15:09:39.856228
user_0366,31,F,FR,2025-05-09 15:09:39.856238
user_0367,69,M,US,2024-11-23 15:09:39.856249
user_0368,68,F,CN,2025-07-12 15:09:39.856260
user_0369,37,F,AU,2024-12-02 15:09:39.856270
user_0370,78,Other,FR,2024-10-13 15:09:39.856281
user_0371,53,M,US,2025-04-30 15:09:39.856291
user_0372,32,Other,AU,2023-10-31 15:09:39.856302
user_0373,55,Other,AU,2025-07-17 15:09:39.856313
user_0374,44,Other,CA,2025-02-22 15:09:39.856323
user_0375,57,M,US,2023-05-30 15:09:39.856334
user_0376,20,Other,DE,2023-07-13 15:09:39.856344
user_0377,38,Other,DE,2023-09-30 15:09:39.856354
user_0378,27,Other,JP,2023-02-10 15:09:39.856363
user_0379,37,Other,DE,2025-04-23 15:09:39.856373
user_0380,59,F,AU,2023-08-22 15:09:39.856382
user_0381,72,M,DE,2024-10-25 15:09:39.856392
user_0382,53,M,JP,2023-07-13 15:09:39.856401
user_0383,56,Other,UK,2024-07-19 15:09:39.856411
user_0384,73,F,AU,2023-07-19 15:09:39.856420
user_0385,33,Other,AU,2024-07-13 15:09:39.856430
user_0386,66,M,JP,2025-01-01 15:09:39.856440
user_0387,48,M,CA,2024-02-26 15:09:39.856449
user_0388,40,M,CA,2025-04-11 15:09:39.856459
user_0389,45,F,US,2024-02-12 15:09:39.856468
user_0390,37,Other,DE,2024-08-01 15:09:39.856478
user_0391,33,Other,DE,2024-06-15 15:09:39.856487
user_0392,64,Other,CN,2023-01-16 15:09:39.856497
user_0393,34,Other,CA,2025-05-04 15:09:39.856506
user_0394,51,F,JP,2023-05-06 15:09:39.856516
user_0395,56,M,AU,2025-08-07 15:09:39.856525
user_0396,66,Other,CN,2024-01-23 15:09:39.856535
user_0397,60,Other,JP,2024-05-12 15:09:39.856544
user_0398,78,M,DE,2025-01-19 15:09:39.856554
user_0399,41,M,FR,2025-02-11 15:09:39.856563
user_0400,22,Other,FR,2024-03-11 15:09:39.856573
user_0401,67,M,JP,2024-08-17 15:09:39.856583
user_0402,46,M,AU,2023-08-31 15:09:39.856592
user_0403,67,F,FR,2024-12-29 15:09:39.856602
user_0404,26,M,DE,2023-05-03 15:09:39.856612
user_0405,66,F,FR,2024-07-14 15:09:39.856621
user_0406,18,F,UK,2024-09-10 15:09:39.856631
user_0407,43,F,CN,2024-06-23 15:09:39.856640
user_0408,66,F,UK,2023-05-23 15:09:39.856650
user_0409,53,Other,UK,2024-12-30 15:09:39.856659
user_0410,24,Other,DE,2023-03-19 15:09:39.856669
user_0411,39,F,AU,2024-06-11 15:09:39.856679
user_0412,74,F,US,2025-01-14 15:09:39.856688
user_0413,50,Other,JP,2024-08-18 15:09:39.856698
user_0414,43,Other,CN,2023-12-09 15:09:39.856707
user_0415,30,F,FR,2024-08-01 15:09:39.856717
user_0416,31,M,DE,2023-02-23 15:09:39.856726
user_0417,20,Other,JP,2023-03-24 15:09:39.856736
user_0418,56,Other,FR,2023-09-13 15:09:39.856745
user_0419,44,M,AU,2025-07-06 15:09:39.856755
user_0420,18,Other,DE,2023-12-22 15:09:39.856765
user_0421,41,Other,US,2025-03-08 15:09:39.856774
user_0422,48,F,CN,2024-07-11 15:09:39.856783
user_0423,48,Other,AU,2025-07-21 15:09:39.856793
user_0424,20,F,AU,2024-06-02 15:09:39.856803
user_0425,71,F,DE,2023-03-26 15:09:39.856812
user_0426,32,F,CA,2023-05-11 15:09:39.856822
user_0427,48,M,UK,2024-05-22 15:09:39.856831
user_0428,74,Other,UK,2024-07-09 15:09:39.856841
user_0429,68,Other,CA,2025-01-02 15:09:39.856852
user_0430,45,M,JP,2024-08-27 15:09:39.856863
user_0431,28,Other,US,2025-04-09 15:09:39.856873
user_0432,54,Other,US,2023-02-13 15:09:39.856884
user_0433,75,F,CN,2023-03-22 15:09:39.856894
user_0434,59,M,JP,2024-08-20 15:09:39.856905
user_0435,66,Other,US,2025-04-05 15:09:39.856916
user_0436,74,F,FR,2024-04-10 15:09:39.856926
user_0437,64,Other,CA,2025-01-24 15:09:39.856937
user_0438,79,M,CA,2024-08-25 15:09:39.856947
user_0439,37,M,US,2025-05-05 15:09:39.856958
user_0440,61,F,CN,2024-11-30 15:09:39.856969
user_0441,76,M,US,2023-02-04 15:09:39.856979
user_0442,34,F,UK,2024-05-28 15:09:39.856990
user_0443,78,Other,JP,2024-12-04 15:09:39.857000
user_0444,30,F,DE,2023-02-04 15:09:39.857011
user_0445,36,Other,CN,2025-06-13 15:09:39.857021
user_0446,70,M,AU,2024-03-12 15:09:39.857032
user_0447,75,Other,UK,2024-12-04 15:09:39.857043
user_0448,74,F,AU,2023-05-05 15:09:39.857053
user_0449,58,Other,FR,2024-08-03 15:09:39.857064
user_0450,76,Other,AU,2024-03-02 15:09:39.857074
user_0451,43,M,US,2025-01-28 15:09:39.857084
user_0452,37,F,US,2023-09-09 15:09:39.857095
user_0453,62,F,FR,2024-08-03 15:09:39.857105
user_0454,34,Other,JP,2023-01-25 15:09:39.857116
user_0455,45,M,UK,2023-10-21 15:09:39.857127
user_0456,38,Other,JP,2024-05-30 15:09:39.857137
user_0457,69,Other,CN,2023-03-08 15:09:39.857148
user_0458,36,M,AU,2024-04-11 15:09:39.857159
user_0459,47,Other,UK,2023-06-25 15:09:39.857169
user_0460,28,F,DE,2025-01-26 15:09:39.857180
user_0461,20,M,FR,2023-04-24 15:09:39.857190
user_0462,68,F,US,2023-07-02 15:09:39.857201
user_0463,69,Other,AU,2025-06-28 15:09:39.857212
user_0464,27,M,FR,2024-04-13 15:09:39.857222
user_0465,42,M,CA,2023-02-21 15:09:39.857233
user_0466,18,Other,US,2024-05-06 15:09:39.857244
user_0467,33,Other,JP,2022-12-22 15:09:39.857254
user_0468,65,M,FR,2024-12-28 15:09:39.857265
user_0469,23,Other,AU,2024-03-14 15:09:39.857276
user_0470,74,M,CA,2024-05-30 15:09:39.857287
user_0471,75,F,DE,2023-11-01 15:09:39.857297
user_0472,60,Other,JP,2024-02-10 15:09:39.857308
user_0473,40,F,US,2023-06-12 15:09:39.857319
user_0474,60,Other,CN,2024-02-29 15:09:39.857329
user_0475,66,M,DE,2024-08-21 15:09:39.857340
user_0476,49,M,AU,2025-08-10 15:09:39.857350
user_0477,41,F,CA,2023-12-19 15:09:39.857359
user_0478,67,M,UK,2024-05-01 15:09:39.857369
user_0479,71,M,FR,2023-09-29 15:09:39.857379
user_0480,19,F,FR,2023-02-25 15:09:39.857388
user_0481,18,M,JP,2025-04-03 15:09:39.857398
user_0482,31,Other,US,2025-03-07 15:09:39.857408
user_0483,46,Other,AU,2023-11-14 15:09:39.857417
user_0484,73,M,JP,2023-03-12 15:09:39.857427
user_0485,71,F,US,2023-06-12 15:09:39.857437
user_0486,36,F,CA,2025-06-29 15:09:39.857446
user_0487,65,Other,UK,2024-01-18 15:09:39.857456
user_0488,75,Other,JP,2023-03-28 15:09:39.857465
user_0489,49,Other,CA,2023-06-02 15:09:39.857475
user_0490,78,F,CA,2023-11-06 15:09:39.857484
user_0491,56,Other,US,2023-02-27 15:09:39.857494
user_0492,48,M,UK,2024-10-28 15:09:39.857503
user_0493,22,F,UK,2023-06-06 15:09:39.857513
user_0494,21,M,JP,2023-07-15 15:09:39.857523
user_0495,38,M,US,2023-10-28 15:09:39.857532
user_0496,22,Other,FR,2024-11-07 15:09:39.857542
user_0497,70,Other,DE,2025-04-05 15:09:39.857552
user_0498,59,Other,JP,2023-06-08 15:09:39.857563
user_0499,56,M,AU,2023-11-28 15:09:39.857574
user_0500,29,F,DE,2024-07-20 15:09:39.857584
user_0501,44,Other,DE,2024-02-11 15:09:39.857595
user_0502,54,M,CN,2024-05-12 15:09:39.857606
user_0503,38,Other,CN,2024-09-26 15:09:39.857616
user_0504,46,Other,US,2024-03-14 15:09:39.857627
user_0505,50,M,CA,2023-12-09 15:09:39.857637
user_0506,29,F,UK,2023-11-17 15:09:39.857648
user_0507,38,Other,US,2024-04-24 15:09:39.857659
user_0508,69,M,UK,2024-03-09 15:09:39.857670
user_0509,39,M,US,2023-07-17 15:09:39.857680
user_0510,43,M,US,2024-07-06 15:09:39.857691
user_0511,56,M,UK,2023-10-16 15:09:39.857701
user_0512,67,M,AU,2023-11-20 15:09:39.857712
user_0513,41,M,CA,2025-05-31 15:09:39.857722
user_0514,27,F,US,2024-12-12 15:09:39.857733
user_0515,74,Other,JP,2024-11-19 15:09:39.857743
user_0516,61,M,US,2025-03-13 15:09:39.857754
user_0517,64,M,CA,2024-06-23 15:09:39.857765
user_0518,77,M,CN,2023-08-07 15:09:39.857775
user_0519,43,F,US,2023-11-19 15:09:39.857786
user_0520,78,Other,AU,2023-02-27 15:09:39.857796
user_0521,62,F,CN,2025-05-16 15:09:39.857807
user_0522,54,M,DE,2025-06-27 15:09:39.857818
user_0523,68,Other,FR,2024-06-24 15:09:39.857828
user_0524,74,M,US,2024-06-19 15:09:39.857839
user_0525,33,Other,UK,2023-12-08 15:09:39.857849
user_0526,43,M,DE,2025-04-24 15:09:39.857859
user_0527,34,M,US,2024-06-13 15:09:39.857868
user_0528,39,Other,DE,2023-11-19 15:09:39.857877
user_0529,61,F,AU,2023-03-25 15:09:39.857887
user_0530,67,Other,JP,2023-09-06 15:09:39.857897
user_0531,68,Other,FR,2023-06-03 15:09:39.857907
user_0532,31,M,JP,2025-07-28 15:09:39.857916
user_0533,32,M,US,2024-05-07 15:09:39.857926
user_0534,18,M,UK,2024-07-20 15:09:39.857935
user_0535,40,F,US,2025-06-21 15:09:39.857945
user_0536,79,M,FR,2024-05-14 15:09:39.857955
user_0537,69,Other,FR,2023-03-27 15:09:39.857964
user_0538,30,M,CA,2024-01-23 15:09:39.857974
user_0539,18,M,DE,2023-02-02 15:09:39.857983
user_0540,42,M,CN,2025-08-13 15:09:39.857993
user_0541,54,Other,AU,2023-10-14 15:09:39.858002
user_0542,78,Other,CN,2024-04-08 15:09:39.858012
user_0543,79,M,JP,2024-02-09 15:09:39.858022
user_0544,64,F,DE,2023-10-05 15:09:39.858031
user_0545,47,F,US,2025-06-16 15:09:39.858041
user_0546,26,M,CN,2023-08-29 15:09:39.858051
user_0547,66,Other,CN,2024-05-09 15:09:39.858062
user_0548,30,M,CA,2023-03-25 15:09:39.858072
user_0549,41,F,DE,2023-12-07 15:09:39.858083
user_0550,63,M,US,2025-03-02 15:09:39.858093
user_0551,63,M,US,2023-09-10 15:09:39.858104
user_0552,45,M,FR,2024-01-11 15:09:39.858114
user_0553,52,F,CA,2025-03-10 15:09:39.858125
user_0554,75,F,CN,2023-03-17 15:09:39.858135
user_0555,52,F,FR,2024-09-12 15:09:39.858146
user_0556,19,F,UK,2024-01-07 15:09:39.858156
user_0557,47,Other,FR,2023-05-08 15:09:39.858167
user_0558,74,Other,UK,2024-06-12 15:09:39.858178
user_0559,36,Other,AU,2025-06-12 15:09:39.858188
user_0560,72,F,US,2024-11-30 15:09:39.858199
user_0561,65,F,CA,2023-10-10 15:09:39.858209
user_0562,20,Other,FR,2023-05-21 15:09:39.858220
user_0563,79,Other,JP,2023-01-26 15:09:39.858231
user_0564,76,F,US,2025-05-30 15:09:39.858241
user_0565,65,M,JP,2023-05-20 15:09:39.858252
user_0566,26,M,AU,2023-05-01 15:09:39.858263
user_0567,78,M,US,2025-05-07 15:09:39.858282
user_0568,60,Other,AU,2023-01-07 15:09:39.858293
user_0569,70,M,FR,2023-04-26 15:09:39.858304
user_0570,56,Other,UK,2025-02-08 15:09:39.858315
user_0571,47,Other,US,2023-10-04 15:09:39.858326
user_0572,20,F,AU,2022-12-31 15:09:39.858336
user_0573,53,F,DE,2025-05-17 15:09:39.858346
user_0574,28,Other,DE,2024-05-16 15:09:39.858356
user_0575,76,F,CA,2024-07-05 15:09:39.858365
user_0576,32,M,DE,2023-10-15 15:09:39.858375
user_0577,30,F,DE,2023-01-07 15:09:39.858385
user_0578,41,M,CA,2023-12-01 15:09:39.858394
user_0579,41,F,CN,2024-02-21 15:09:39.858404
user_0580,46,F,DE,2023-04-17 15:09:39.858414
user_0581,51,Other,AU,2023-03-13 15:09:39.858423
user_0582,39,M,CA,2023-01-07 15:09:39.858433
user_0583,20,F,UK,2023-03-22 15:09:39.858443
user_0584,38,M,DE,2024-09-22 15:09:39.858452
user_0585,66,M,DE,2025-02-22 15:09:39.858462
user_0586,59,Other,FR,2024-07-08 15:09:39.858472
user_0587,35,M,CA,2024-07-16 15:09:39.858481
user_0588,27,M,US,2024-07-12 15:09:39.858491
user_0589,30,Other,US,2023-03-08 15:09:39.858500
user_0590,40,M,FR,2024-11-19 15:09:39.858510
user_0591,41,Other,CA,2023-10-25 15:09:39.858519
user_0592,58,Other,DE,2024-09-10 15:09:39.858529
user_0593,50,M,UK,2025-02-23 15:09:39.858539
user_0594,70,M,UK,2023-01-02 15:09:39.858549
user_0595,31,Other,CN,2025-02-10 15:09:39.858560
user_0596,53,F,CA,2025-05-13 15:09:39.858577
user_0597,70,Other,JP,2023-05-21 15:09:39.858588
user_0598,49,Other,US,2025-06-04 15:09:39.858599
user_0599,79,Other,CA,2023-05-04 15:09:39.858610
user_0600,73,F,UK,2025-03-25 15:09:39.858620
user_0601,24,M,CA,2023-06-14 15:09:39.858631
user_0602,18,F,JP,2025-04-27 15:09:39.858641
user_0603,64,M,FR,2025-07-01 15:09:39.858652
user_0604,61,Other,FR,2025-02-04 15:09:39.858663
user_0605,36,M,DE,2024-10-01 15:09:39.858673
user_0606,43,F,CA,2023-04-26 15:09:39.858684
user_0607,23,Other,FR,2024-04-22 15:09:39.858694
user_0608,33,M,CN,2025-06-20 15:09:39.858705
user_0609,20,M,DE,2024-09-01 15:09:39.858716
user_0610,31,M,CA,2023-10-11 15:09:39.858726
user_0611,70,F,US,2023-01-02 15:09:39.858737
user_0612,24,M,DE,2025-04-26 15:09:39.858747
user_0613,59,F,JP,2025-02-27 15:09:39.858758
user_0614,35,Other,FR,2023-03-07 15:09:39.858768
user_0615,46,Other,US,2023-05-10 15:09:39.858779
user_0616,21,Other,DE,2023-10-16 15:09:39.858790
user_0617,44,Other,UK,2024-11-07 15:09:39.858800
user_0618,26,M,FR,2023-06-12 15:09:39.858811
user_0619,46,M,DE,2025-05-28 15:09:39.858821
user_0620,55,Other,FR,2024-06-29 15:09:39.858832
user_0621,52,F,FR,2023-12-09 15:09:39.858842
user_0622,27,M,FR,2023-04-08 15:09:39.858852
user_0623,61,Other,CN,2024-09-08 15:09:39.858861
user_0624,58,M,CN,2024-10-16 15:09:39.858871
user_0625,37,M,AU,2024-05-21 15:09:39.858881
user_0626,59,M,AU,2024-04-04 15:09:39.858890
user_0627,74,M,US,2025-02-19 15:09:39.858900
user_0628,52,F,JP,2024-03-15 15:09:39.858909
user_0629,54,M,CN,2023-01-31 15:09:39.858919
user_0630,52,Other,AU,2024-01-26 15:09:39.858928
user_0631,40,F,FR,2024-02-18 15:09:39.858938
user_0632,64,F,JP,2025-08-14 15:09:39.858947
user_0633,27,Other,CA,2025-07-09 15:09:39.858957
user_0634,72,Other,US,2024-02-13 15:09:39.858967
user_0635,29,M,CN,2024-11-12 15:09:39.858976
user_0636,32,Other,AU,2023-03-18 15:09:39.858986
user_0637,55,M,CN,2023-02-16 15:09:39.858996
user_0638,70,M,JP,2024-12-02 15:09:39.859005
user_0639,63,F,JP,2023-03-07 15:09:39.859015
user_0640,62,M,AU,2023-09-19 15:09:39.859024
user_0641,38,F,US,2023-08-22 15:09:39.859034
user_0642,66,Other,US,2023-05-05 15:09:39.859043
user_0643,69,F,FR,2024-05-24 15:09:39.859054
user_0644,36,Other,US,2024-11-06 15:09:39.859065
user_0645,54,F,JP,2024-12-16 15:09:39.859075
user_0646,55,Other,CN,2025-01-04 15:09:39.859086
user_0647,76,M,UK,2024-05-31 15:09:39.859097
user_0648,45,F,FR,2024-01-13 15:09:39.859107
user_0649,20,F,JP,2024-02-15 15:09:39.859118
user_0650,70,F,AU,2023-02-16 15:09:39.859128
user_0651,29,Other,JP,2024-08-24 15:09:39.859139
user_0652,22,M,DE,2025-05-03 15:09:39.859150
user_0653,53,F,UK,2025-02-27 15:09:39.859160
user_0654,35,Other,JP,2023-04-06 15:09:39.859171
user_0655,76,F,DE,2024-03-08 15:09:39.859182
user_0656,54,Other,US,2024-11-26 15:09:39.859192
user_0657,72,M,AU,2024-07-12 15:09:39.859203
user_0658,44,F,CN,2025-01-12 15:09:39.859213
user_0659,27,F,DE,2025-01-21 15:09:39.859224
user_0660,68,Other,CN,2025-04-04 15:09:39.859235
user_0661,47,F,CN,2025-03-16 15:09:39.859245
user_0662,32,Other,JP,2024-09-30 15:09:39.859256
user_0663,68,M,UK,2023-05-28 15:09:39.859267
user_0664,40,M,CA,2025-03-30 15:09:39.859278
user_0665,31,M,FR,2023-02-14 15:09:39.859288
user_0666,50,M,FR,2023-08-25 15:09:39.859299
user_0667,31,Other,UK,2023-02-02 15:09:39.859309
user_0668,47,Other,UK,2024-01-02 15:09:39.859320
user_0669,62,Other,AU,2024-04-10 15:09:39.859330
user_0670,41,M,CA,2024-12-08 15:09:39.859340
user_0671,71,Other,FR,2023-12-04 15:09:39.859350
user_0672,33,F,JP,2023-06-03 15:09:39.859359
user_0673,39,M,JP,2023-01-16 15:09:39.859370
user_0674,30,M,DE,2023-01-24 15:09:39.859379
user_0675,69,M,AU,2024-07-31 15:09:39.859389
user_0676,61,M,CA,2025-01-15 15:09:39.859398
user_0677,64,F,CN,2025-07-24 15:09:39.859408
user_0678,55,M,FR,2023-12-16 15:09:39.859418
user_0679,43,Other,UK,2023-07-07 15:09:39.859427
user_0680,78,F,AU,2025-01-26 15:09:39.859437
user_0681,55,M,CN,2024-08-25 15:09:39.859446
user_0682,53,F,DE,2024-08-28 15:09:39.859456
user_0683,66,M,FR,2023-10-27 15:09:39.859466
user_0684,38,F,AU,2024-03-26 15:09:39.859477
user_0685,77,Other,DE,2024-04-17 15:09:39.859487
user_0686,28,Other,JP,2025-07-18 15:09:39.859498
user_0687,54,M,AU,2025-06-18 15:09:39.859509
user_0688,20,F,DE,2022-12-29 15:09:39.859519
user_0689,32,Other,CA,2023-11-17 15:09:39.859530
user_0690,64,Other,CN,2023-05-28 15:09:39.859540
user_0691,51,M,DE,2025-05-07 15:09:39.859551
user_0692,50,F,CN,2023-10-06 15:09:39.859561
user_0693,52,F,CA,2023-07-22 15:09:39.859572
user_0694,37,F,DE,2024-01-26 15:09:39.859582
user_0695,45,Other,FR,2024-10-16 15:09:39.859593
user_0696,30,Other,CA,2023-12-04 15:09:39.859603
user_0697,41,M,UK,2025-01-14 15:09:39.859613
user_0698,44,F,UK,2025-07-23 15:09:39.859624
user_0699,46,F,DE,2025-03-10 15:09:39.859634
user_0700,57,M,JP,2024-08-14 15:09:39.859645
user_0701,64,M,US,2025-08-05 15:09:39.859655
user_0702,42,F,UK,2023-04-15 15:09:39.859666
user_0703,53,M,UK,2025-03-31 15:09:39.859676
user_0704,36,F,UK,2025-01-08 15:09:39.859687
user_0705,54,Other,US,2024-10-06 15:09:39.859698
user_0706,20,M,UK,2023-04-24 15:09:39.859708
user_0707,63,Other,CN,2023-08-17 15:09:39.859719
user_0708,21,Other,CN,2024-03-27 15:09:39.859730
user_0709,74,F,CN,2023-04-07 15:09:39.859740
user_0710,47,Other,CA,2024-05-19 15:09:39.859751
user_0711,78,M,DE,2024-05-15 15:09:39.859761
user_0712,42,M,JP,2023-08-21 15:09:39.859772
user_0713,28,F,CA,2023-10-08 15:09:39.859782
user_0714,18,Other,AU,2025-01-06 15:09:39.859793
user_0715,28,Other,UK,2024-09-02 15:09:39.859804
user_0716,76,Other,DE,2023-12-09 15:09:39.859814
user_0717,78,M,CA,2023-07-05 15:09:39.859825
user_0718,60,M,DE,2024-07-05 15:09:39.859835
user_0719,40,Other,JP,2023-08-12 15:09:39.859845
user_0720,22,F,JP,2024-11-22 15:09:39.859855
user_0721,59,M,DE,2023-02-11 15:09:39.859864
user_0722,79,M,UK,2023-12-01 15:09:39.859874
user_0723,44,F,CN,2023-03-18 15:09:39.859884
user_0724,20,Other,CN,2023-09-27 15:09:39.859893
user_0725,19,M,JP,2023-07-28 15:09:39.859903
user_0726,70,F,DE,2025-01-22 15:09:39.859912
user_0727,54,Other,CA,2024-08-03 15:09:39.859924
user_0728,52,F,DE,2023-01-29 15:09:39.859937
user_0729,49,F,UK,2025-07-15 15:09:39.859950
user_0730,73,F,CA,2025-02-18 15:09:39.859964
user_0731,20,Other,UK,2025-02-07 15:09:39.859977
user_0732,20,M,FR,2023-10-09 15:09:39.859987
user_0733,71,M,FR,2023-06-02 15:09:39.859996
user_0734,36,Other,AU,2025-04-07 15:09:39.860006
user_0735,22,F,CA,2025-06-30 15:09:39.860015
user_0736,65,M,CN,2023-01-30 15:09:39.860025
user_0737,38,M,JP,2023-04-15 15:09:39.860034
user_0738,74,Other,JP,2024-12-19 15:09:39.860044
user_0739,41,Other,DE,2023-07-30 15:09:39.860053
user_0740,67,M,FR,2024-10-08 15:09:39.860063
user_0741,18,Other,JP,2024-07-20 15:09:39.860072
user_0742,19,Other,CN,2025-07-12 15:09:39.860082
user_0743,33,F,JP,2024-09-06 15:09:39.860091
user_0744,33,Other,JP,2023-12-04 15:09:39.860101
user_0745,58,F,CN,2023-12-18 15:09:39.860111
user_0746,49,M,CA,2024-09-26 15:09:39.860121
user_0747,47,Other,CA,2024-02-05 15:09:39.860132
user_0748,47,F,AU,2024-12-14 15:09:39.860142
user_0749,77,M,CN,2023-09-24 15:09:39.860153
user_0750,33,Other,CA,2025-02-17 15:09:39.860163
user_0751,76,F,JP,2023-11-25 15:09:39.860174
user_0752,32,M,JP,2023-09-04 15:09:39.860185
user_0753,45,F,US,2024-08-27 15:09:39.860195
user_0754,39,Other,DE,2025-07-27 15:09:39.860206
user_0755,28,M,JP,2023-01-23 15:09:39.860216
user_0756,49,F,UK,2024-02-15 15:09:39.860227
user_0757,54,F,US,2025-02-26 15:09:39.860237
user_0758,40,F,CA,2025-02-08 15:09:39.860248
user_0759,72,Other,CA,2023-06-20 15:09:39.860258
user_0760,40,M,DE,2023-12-19 15:09:39.860269
user_0761,75,M,CN,2024-08-23 15:09:39.860279
user_0762,72,M,JP,2024-07-20 15:09:39.860290
user_0763,30,M,CN,2024-11-18 15:09:39.860300
user_0764,55,F,US,2023-03-26 15:09:39.860311
user_0765,43,Other,FR,2023-01-28 15:09:39.860321
user_0766,22,M,US,2025-04-16 15:09:39.860332
user_0767,45,F,DE,2023-01-02 15:09:39.860342
user_0768,52,Other,CN,2024-03-04 15:09:39.860352
user_0769,22,Other,JP,2024-12-25 15:09:39.860361
user_0770,49,Other,JP,2023-04-29 15:09:39.860371
user_0771,57,M,DE,2024-01-05 15:09:39.860381
user_0772,77,M,CN,2024-12-06 15:09:39.860390
user_0773,40,Other,AU,2023-08-27 15:09:39.860400
user_0774,66,M,UK,2024-01-15 15:09:39.860409
user_0775,79,Other,FR,2024-02-21 15:09:39.860419
user_0776,64,F,CA,2025-05-25 15:09:39.860429
user_0777,45,F,DE,2025-07-22 15:09:39.860438
user_0778,41,F,UK,2024-06-06 15:09:39.860448
user_0779,78,Other,DE,2025-06-05 15:09:39.860457
user_0780,45,Other,CA,2023-04-30 15:09:39.860468
user_0781,38,F,UK,2023-11-13 15:09:39.860478
user_0782,71,F,AU,2023-03-07 15:09:39.860489
user_0783,23,F,CN,2023-04-23 15:09:39.860499
user_0784,25,F,US,2024-05-30 15:09:39.860511
user_0785,18,F,CA,2024-06-10 15:09:39.860522
user_0786,34,M,AU,2023-10-04 15:09:39.860533
user_0787,29,F,JP,2024-12-06 15:09:39.860543
user_0788,25,Other,US,2024-03-03 15:09:39.860554
user_0789,25,Other,FR,2025-07-17 15:09:39.860565
user_0790,28,F,CN,2024-07-05 15:09:39.860575
user_0791,77,M,US,2025-02-20 15:09:39.860586
user_0792,56,M,US,2023-01-25 15:09:39.860597
user_0793,57,M,CA,2023-07-12 15:09:39.860607
user_0794,33,Other,DE,2025-04-08 15:09:39.860618
user_0795,40,Other,JP,2024-12-26 15:09:39.860628
user_0796,73,M,DE,2024-06-17 15:09:39.860639
user_0797,54,M,DE,2023-07-14 15:09:39.860650
user_0798,46,M,CA,2024-06-09 15:09:39.860660
user_0799,67,F,DE,2023-11-20 15:09:39.860671
user_0800,73,Other,US,2024-09-07 15:09:39.860681
user_0801,50,M,US,2024-05-02 15:09:39.860692
user_0802,50,Other,FR,2025-04-03 15:09:39.860702
user_0803,44,M,AU,2025-01-29 15:09:39.860713
user_0804,63,Other,CN,2024-07-14 15:09:39.860723
user_0805,30,F,FR,2024-09-11 15:09:39.860734
user_0806,26,Other,JP,2024-06-19 15:09:39.860744
user_0807,70,F,CA,2024-08-10 15:09:39.860755
user_0808,26,Other,CN,2023-08-29 15:09:39.860765
user_0809,66,F,UK,2023-03-19 15:09:39.860776
user_0810,71,Other,JP,2023-02-23 15:09:39.860786
user_0811,57,F,CN,2025-05-04 15:09:39.860797
user_0812,58,Other,FR,2023-03-08 15:09:39.860807
user_0813,54,F,FR,2023-05-25 15:09:39.860818
user_0814,35,M,US,2023-08-26 15:09:39.860828
user_0815,27,M,DE,2023-01-10 15:09:39.860839
user_0816,41,Other,JP,2024-07-19 15:09:39.860848
user_0817,64,F,FR,2025-06-26 15:09:39.860858
user_0818,28,Other,US,2024-07-18 15:09:39.860867
user_0819,75,Other,AU,2023-12-23 15:09:39.860877
user_0820,40,Other,CN,2024-07-16 15:09:39.860886
user_0821,71,Other,CA,2024-03-03 15:09:39.860896
user_0822,66,F,DE,2022-12-24 15:09:39.860905
user_0823,61,Other,CN,2023-09-17 15:09:39.860915
user_0824,59,Other,US,2024-07-29 15:09:39.860924
user_0825,78,Other,FR,2024-03-08 15:09:39.860934
user_0826,42,F,UK,2023-06-04 15:09:39.860943
user_0827,20,Other,DE,2025-08-01 15:09:39.860953
user_0828,31,F,FR,2023-05-30 15:09:39.860963
user_0829,65,Other,DE,2023-03-20 15:09:39.860973
user_0830,19,Other,DE,2024-01-12 15:09:39.860984
user_0831,31,F,DE,2023-04-29 15:09:39.860994
user_0832,25,Other,DE,2023-08-19 15:09:39.861005
user_0833,79,Other,CN,2023-04-20 15:09:39.861015
user_0834,73,Other,FR,2024-03-22 15:09:39.861026
user_0835,71,M,CA,2025-05-13 15:09:39.861036
user_0836,56,F,US,2024-12-04 15:09:39.861047
user_0837,56,M,US,2024-01-14 15:09:39.861057
user_0838,69,Other,DE,2025-06-03 15:09:39.861068
user_0839,47,M,UK,2024-10-13 15:09:39.861078
user_0840,35,F,CA,2023-03-08 15:09:39.861089
user_0841,70,F,FR,2023-11-08 15:09:39.861099
user_0842,37,M,FR,2025-01-01 15:09:39.861110
user_0843,55,F,UK,2023-05-13 15:09:39.861120
user_0844,30,Other,CA,2023-04-09 15:09:39.861131
user_0845,59,M,JP,2024-12-22 15:09:39.861141
user_0846,29,Other,DE,2024-10-13 15:09:39.861152
user_0847,74,F,DE,2024-03-30 15:09:39.861163
user_0848,27,F,FR,2025-02-18 15:09:39.861173
user_0849,38,Other,JP,2024-01-02 15:09:39.861184
user_0850,44,Other,JP,2025-02-05 15:09:39.861195
user_0851,49,Other,DE,2024-11-11 15:09:39.861205
user_0852,37,F,CN,2024-05-03 15:09:39.861216
user_0853,41,M,CN,2023-06-08 15:09:39.861226
user_0854,58,Other,UK,2024-03-23 15:09:39.861237
user_0855,47,M,CA,2023-04-21 15:09:39.861247
user_0856,43,M,DE,2025-02-24 15:09:39.861258
user_0857,73,M,US,2024-07-29 15:09:39.861269
user_0858,24,Other,CN,2025-05-04 15:09:39.861279
user_0859,68,M,CN,2025-07-11 15:09:39.861290
user_0860,28,Other,US,2024-04-28 15:09:39.861300
user_0861,36,F,US,2024-10-07 15:09:39.861311
user_0862,46,F,CN,2024-11-27 15:09:39.861322
user_0863,51,F,DE,2024-08-18 15:09:39.861332
user_0864,70,F,AU,2023-10-27 15:09:39.861342
user_0865,69,M,AU,2023-03-21 15:09:39.861352
user_0866,23,Other,JP,2024-08-03 15:09:39.861362
user_0867,23,M,AU,2024-07-26 15:09:39.861371
user_0868,70,M,DE,2023-04-29 15:09:39.861381
user_0869,64,Other,AU,2024-06-02 15:09:39.861390
user_0870,54,Other,FR,2023-07-31 15:09:39.861400
user_0871,68,F,JP,2023-04-04 15:09:39.861409
user_0872,67,F,CA,2024-03-13 15:09:39.861419
user_0873,27,M,US,2025-08-05 15:09:39.861428
user_0874,74,F,AU,2024-04-12 15:09:39.861438
user_0875,68,M,CN,2025-01-28 15:09:39.861447
user_0876,49,M,DE,2023-07-28 15:09:39.861457
user_0877,71,M,UK,2025-01-05 15:09:39.861467
user_0878,71,M,CN,2024-10-15 15:09:39.861478
user_0879,64,F,FR,2024-08-31 15:09:39.861489
user_0880,29,F,CA,2024-08-27 15:09:39.861499
user_0881,55,M,AU,2023-10-26 15:09:39.861510
user_0882,61,F,DE,2023-04-26 15:09:39.861520
user_0883,52,M,US,2024-06-26 15:09:39.861530
user_0884,36,M,AU,2024-09-01 15:09:39.861541
user_0885,50,Other,DE,2025-04-10 15:09:39.861552
user_0886,32,Other,US,2023-04-08 15:09:39.861563
user_0887,74,Other,JP,2025-04-06 15:09:39.861573
user_0888,31,Other,FR,2023-10-29 15:09:39.861584
user_0889,54,Other,CA,2023-07-08 15:09:39.861594
user_0890,75,F,AU,2023-02-25 15:09:39.861605
user_0891,58,M,CN,2023-11-02 15:09:39.861615
user_0892,58,M,AU,2025-01-12 15:09:39.861626
user_0893,69,F,US,2023-01-12 15:09:39.861636
user_0894,76,Other,FR,2025-03-02 15:09:39.861647
user_0895,58,M,DE,2024-05-03 15:09:39.861658
user_0896,21,M,JP,2024-03-17 15:09:39.861668
user_0897,78,Other,CN,2024-12-10 15:09:39.861679
user_0898,38,Other,US,2023-11-22 15:09:39.861689
user_0899,58,M,JP,2023-03-15 15:09:39.861700
user_0900,61,F,DE,2023-07-15 15:09:39.861710
user_0901,22,M,JP,2024-02-02 15:09:39.861721
user_0902,75,M,FR,2023-01-09 15:09:39.861731
user_0903,47,F,CN,2023-03-14 15:09:39.861742
user_0904,43,F,JP,2025-07-30 15:09:39.861753
user_0905,27,Other,JP,2024-08-19 15:09:39.861763
user_0906,33,F,AU,2023-10-13 15:09:39.861774
user_0907,76,M,CN,2023-11-07 15:09:39.861784
user_0908,78,M,UK,2024-08-18 15:09:39.861795
user_0909,62,Other,DE,2024-02-23 15:09:39.861805
user_0910,65,Other,CA,2023-08-26 15:09:39.861816
user_0911,27,F,FR,2024-08-10 15:09:39.861827
user_0912,41,M,CA,2025-08-11 15:09:39.861838
user_0913,23,F,US,2023-12-30 15:09:39.861847
user_0914,63,F,AU,2025-03-26 15:09:39.861857
user_0915,48,M,DE,2023-02-23 15:09:39.861866
user_0916,45,M,CN,2025-06-03 15:09:39.861876
user_0917,20,Other,US,2025-07-11 15:09:39.861886
user_0918,71,F,UK,2024-03-22 15:09:39.861895
user_0919,71,F,US,2024-08-02 15:09:39.861905
user_0920,33,F,US,2024-10-19 15:09:39.861914
user_0921,63,Other,DE,2024-07-06 15:09:39.861924
user_0922,35,Other,DE,2024-05-29 15:09:39.861934
user_0923,19,Other,CA,2024-02-04 15:09:39.861943
user_0924,65,Other,JP,2024-10-31 15:09:39.861953
user_0925,69,F,JP,2024-11-11 15:09:39.861962
user_0926,36,M,DE,2023-05-25 15:09:39.861973
user_0927,40,M,CN,2024-10-25 15:09:39.861983
user_0928,46,F,CA,2023-03-06 15:09:39.861994
user_0929,40,Other,DE,2023-02-13 15:09:39.862005
user_0930,41,M,FR,2025-04-08 15:09:39.862015
user_0931,30,F,CA,2023-03-14 15:09:39.862026
user_0932,45,F,UK,2023-11-28 15:09:39.862036
user_0933,63,M,UK,2024-11-20 15:09:39.862047
user_0934,25,Other,CN,2023-07-24 15:09:39.862057
user_0935,69,Other,DE,2023-03-02 15:09:39.862068
user_0936,72,Other,JP,2023-09-21 15:09:39.862078
user_0937,47,M,DE,2023-09-02 15:09:39.862089
user_0938,36,F,JP,2023-08-17 15:09:39.862100
user_0939,72,M,DE,2025-01-18 15:09:39.862110
user_0940,78,Other,UK,2025-04-26 15:09:39.862121
user_0941,56,F,JP,2024-06-08 15:09:39.862131
user_0942,63,Other,UK,2023-06-29 15:09:39.862142
user_0943,30,M,US,2023-06-27 15:09:39.862152
user_0944,73,F,JP,2023-09-17 15:09:39.862163
user_0945,75,Other,AU,2024-10-13 15:09:39.862173
user_0946,39,F,DE,2024-07-30 15:09:39.862184
user_0947,59,M,AU,2023-02-07 15:09:39.862204
user_0948,61,M,DE,2024-06-08 15:09:39.862215
user_0949,66,F,FR,2023-01-12 15:09:39.862226
user_0950,69,F,AU,2025-02-18 15:09:39.862236
user_0951,68,F,DE,2023-09-24 15:09:39.862247
user_0952,37,Other,JP,2023-08-19 15:09:39.862258
user_0953,52,F,CN,2025-05-18 15:09:39.862268
user_0954,58,Other,JP,2024-04-07 15:09:39.862279
user_0955,25,Other,DE,2024-03-27 15:09:39.862289
user_0956,76,M,JP,2025-07-02 15:09:39.862300
user_0957,64,Other,UK,2023-07-05 15:09:39.862310
user_0958,70,F,CN,2023-04-11 15:09:39.862321
user_0959,29,M,CA,2024-06-07 15:09:39.862332
user_0960,23,M,UK,2023-07-17 15:09:39.862342
user_0961,49,Other,US,2024-01-03 15:09:39.862351
user_0962,20,M,CA,2023-10-30 15:09:39.862361
user_0963,27,M,US,2023-06-03 15:09:39.862370
user_0964,60,F,DE,2023-01-24 15:09:39.862380
user_0965,50,M,CN,2024-03-14 15:09:39.862390
user_0966,57,F,US,2025-05-04 15:09:39.862399
user_0967,58,F,CA,2025-01-28 15:09:39.862409
user_0968,66,Other,DE,2025-03-24 15:09:39.862418
user_0969,68,F,FR,2023-07-25 15:09:39.862428
user_0970,68,Other,US,2023-12-01 15:09:39.862437
user_0971,34,F,CN,2023-09-17 15:09:39.862447
user_0972,63,Other,JP,2024-02-03 15:09:39.862456
user_0973,28,Other,AU,2024-06-20 15:09:39.862470
user_0974,65,M,CN,2025-08-10 15:09:39.862480
user_0975,41,F,JP,2024-08-13 15:09:39.862491
user_0976,73,M,FR,2024-04-21 15:09:39.862502
user_0977,34,M,DE,2025-04-09 15:09:39.862513
user_0978,26,F,UK,2024-03-04 15:09:39.862523
user_0979,68,Other,DE,2023-08-29 15:09:39.862534
user_0980,50,M,CN,2023-09-15 15:09:39.862545
user_0981,32,F,AU,2023-12-26 15:09:39.862555
user_0982,45,M,FR,2025-07-31 15:09:39.862566
user_0983,35,F,US,2025-07-22 15:09:39.862577
user_0984,66,F,JP,2025-05-02 15:09:39.862587
user_0985,30,F,AU,2023-04-04 15:09:39.862597
user_0986,36,Other,US,2025-05-06 15:09:39.862608
user_0987,29,F,US,2024-11-02 15:09:39.862619
user_0988,77,M,AU,2023-03-10 15:09:39.862630
user_0989,69,Other,FR,2025-08-09 15:09:39.862640
user_0990,31,Other,DE,2025-02-15 15:09:39.862651
user_0991,43,Other,DE,2024-02-12 15:09:39.862662
user_0992,35,F,DE,2024-08-06 15:09:39.862672
user_0993,56,Other,DE,2022-12-22 15:09:39.862683
user_0994,75,M,CA,2023-02-05 15:09:39.862694
user_0995,79,M,DE,2025-07-22 15:09:39.862704
user_0996,69,F,FR,2024-02-12 15:09:39.862715
user_0997,59,F,AU,2023-05-31 15:09:39.862725
user_0998,75,Other,CA,2025-08-07 15:09:39.862736
user_0999,52,Other,CN,2023-03-16 15:09:39.862746
